카테고리,바코드,제조사,상품명,제품 재질 1,제품 재질 2,제품 재질 3
라면,8801043014830,농심,농심신라면120G*5입,비닐류,,
라면,8801043015264,농심,농심올리브짜파게티140G*5입,비닐류,,
라면,8801043014786,농심,농심안성탕면125G*5입,비닐류,,
라면,8801045522265,오뚜기,오뚜기진라면매운맛120G*5입,비닐류,,
라면,8801043015011,농심,농심얼큰한너구리120G*5입,비닐류,,
라면,8801045522234,오뚜기,오뚜기진라면순한맛120G*5입,비닐류,,
라면,8809695251344,팔도,팔도 비빔면 4개입,비닐류,,
라면,8801043015684,농심,농심육개장사발면86G*6입,비닐류,스티로폼,
라면,8801043069663,농심,농심 신라면 더 레드 4개입,비닐류,,
라면,8801073143975,삼양식품,삼양_이춘삼짜장_128G*4입,비닐류,,
라면,8801045521077,오뚜기,오뚜기열라면120G*5입,비닐류,,
라면,8801073102545,삼양식품,삼양삼양라면120G*5입,비닐류,,
라면,8801043070126,(주)농심,농심 순하군 안성탕면 5개입,비닐류,,
라면,8801043015738,농심,농심신라면소컵65G*6입,비닐류,종이류,
라면,8801128503211,팔도,팔도왕뚜껑110G,플라스틱,스티로폼,
라면,8801045520759,오뚜기,오뚜기스낵면108G*5입,비닐류,,
라면,8801073140578,삼양식품,삼양불닭볶음면140G*5입,비닐류,,
라면,8801043047739,농심,농심신라면건면97G*5입,비닐류,,
라면,8801043015714,농심,농심신라면소컵65G,비닐류,,
라면,8801073210363,삼양식품,삼양불닭볶음면큰컵105G,비닐류,종이류,
라면,8801073211469,삼양식품,삼양까르보불닭볶음면큰컵105G,비닐류,종이류,
라면,8801043004282,농심,농심멸치칼국수98G*5입,비닐류,,
라면,8801043060370,농심,농심배홍동비빔면137G*4입,비닐류,,
라면,8801043021128,농심,농심김치사발면86G*6입,비닐류,스티로폼,
라면,8801043015653,농심,농심육개장사발면86G,비닐류,스티로폼,
라면,8801045662305,오뚜기,P)오뚜기_짜슐랭_145G*5입,비닐류,,
라면,8801043015981,농심,농심신라면큰사발114G,비닐류,종이류,
라면,8801045512518,(주)오뚜기,오뚜기 컵누들 마라탕 1개입,비닐류,종이류,
라면,8801045049182,오뚜기,오뚜기 마열라면 4개입,비닐류,,
라면,8801043015141,농심,농심오징어짬뽕124G*5입,비닐류,,
라면,8801045570419,오뚜기,오뚜기참깨라면큰컵110G,비닐류,종이류,
라면,8801043072038,농심,농심 먹태깡 큰사발 청양마요맛 1개입,비닐류,종이류,
라면,8801128503174,팔도,팔도도시락86G,비닐류,스티로폼,
라면,8801045526201,오뚜기,오뚜기참깨라면115G*4,비닐류,,
라면,8801043016070,농심,농심튀김우동큰사발111G,비닐류,종이류,
라면,8801043059794,농심,농심사천짜파게티137g*4입,비닐류,,
라면,8803060080805,백제물산,멸치맛쌀국수92G,비닐류,스티로폼,
라면,8801043014960,농심,농심순한너구리120G*5입,비닐류,,
라면,8801045522838,오뚜기,오뚜기진짬뽕130G*4입,비닐류,,
라면,8801128503488,팔도,팔도짬뽕왕뚜껑110G,플라스틱,스티로폼,
라면,8801043015967,농심,농심새우탕큰사발115G,비닐류,종이류,
라면,8801045570280,오뚜기,오뚜기진라면소컵매운맛65G*6입,비닐류,종이류,
라면,8801043036955,농심,농심사리면110G*5입,비닐류,,
라면,8801043015608,농심,농심짜파게티범벅70G,비닐류,종이류,
라면,8801045723297,오뚜기,오뚜기 김치라면 5개입,비닐류,,
라면,8801073142190,삼양식품,삼양식품까르보불닭볶음면130G*4입,비닐류,,
라면,8801045870212,오뚜기,오뚜기 오동통면 5개입,비닐류,,
라면,8801043015189,농심,농심진국쌀사리곰탕면110G*5입,비닐류,,
라면,8809296885221,팔도,팔도왕뚜껑110G*6,플라스틱,스티로폼,
라면,8801045571638,오뚜기,오뚜기진라면매운맛큰컵110G,비닐류,종이류,
라면,8801045571577,오뚜기,오뚜기컵누들매콤한맛37.8G,비닐류,종이류,
라면,8801045570105,오뚜기,오뚜기진라면소컵순한맛65G*6입,비닐류,종이류,
라면,8801128508865,팔도,팔도틈새라면빨계떡120G*5입,비닐류,,
라면,8801043015813,농심,농심튀김우동소컵62G,비닐류,종이류,
라면,8801128503235,팔도,팔도김치왕뚜껑110G,플라스틱,스티로폼,
라면,8801043056489,농심,농심신라면건면사발77G,비닐류,종이류,
라면,8801045480572,오뚜기,오뚜기 옛날잡채75G*4,비닐류,,
라면,8809695252037,팔도,팔도 진국설렁탕면 4개입,비닐류,,
라면,8801043041584,농심,농심신라면블랙134G*4입,비닐류,,
라면,8801043059824,농심,농심무파마탕면122G*4입,비닐류,,
라면,8801043015806,농심,농심새우탕소컵67G*6입,비닐류,종이류,
라면,8801043016049,농심,농심짜파게티큰사발123G,비닐류,종이류,
라면,8801043015622,농심,농심짜파게티범벅70G*6입,비닐류,종이류,
라면,8801043015639,농심,농심김치사발면86G,비닐류,스티로폼,
라면,8801085883241,호랑이,우불식당 즉석우동 1인분 221.5g,비닐류,,
라면,8801045571416,오뚜기,오뚜기스파게티컵120G,비닐류,종이류,
라면,8801043015776,농심,농심새우탕소컵67G,비닐류,종이류,
라면,8801045522982,오뚜기,오뚜기라면사리110G*5입,비닐류,,
라면,8801043812160,농심,농심튀김우동소컵62G*6입,비닐류,종이류,
라면,8801045571362,오뚜기,오뚜기진라면순한맛큰컵110G,비닐류,종이류,
라면,8801043032148,농심,농심짜왕134G*4입,비닐류,,
라면,8801043070881,농심,농심_신라면더레드큰사발_117G,비닐류,종이류,
라면,8801073142473,삼양식품,삼양짜짜로니140G*4입,비닐류,,
라면,8801073140530,삼양식품,삼양맛있는라면115G*5입,비닐류,,
라면,8801045571829,오뚜기,오뚜기튀김우동컵110G,비닐류,종이류,
라면,8801073142121,삼양식품,삼양식품삼양라면매운맛120G*5입,비닐류,,
라면,8801045572024,오뚜기,오뚜기컵누들매콤한맛37.8G*6입,비닐류,종이류,
라면,8809695252419,팔도,팔도 남자라면 115g*4입,비닐류,,
라면,8801073212596,삼양식품,삼양4가지치즈불닭볶음면큰컵100G,비닐류,종이류,
라면,8801045570068,오뚜기,오뚜기진라면소컵순한맛65G,비닐류,종이류,
라면,8801043020022,농심,농심감자면117G*5입,비닐류,,
라면,8801043041447,농심,농심신라면블랙사발101G,비닐류,종이류,
라면,8801043015691,농심,농심사리곰탕소컵61G,비닐류,종이류,
라면,8809695251412,팔도,팔도_킹뚜껑_110G,플라스틱,스티로폼,
라면,8801043015745,농심,농심오징어짬뽕소컵67G,비닐류,종이류,
라면,8801043016025,농심,농심육개장큰사발110G,비닐류,종이류,
라면,8801045571386,오뚜기,오뚜기라면볶이컵120G,비닐류,종이류,
라면,8801045571867,오뚜기,오뚜기컵누들우동38.1G,비닐류,종이류,
라면,8801043015943,농심,농심사리곰탕큰사발111G,비닐류,종이류,
라면,8801492383662,하림산업,하림 더미식 유니자장면 2개입,종이류,비닐류,
라면,8801045526317,오뚜기,오뚜기진비빔면156G*4,비닐류,,
라면,8801073140226,삼양식품,삼양간짬뽕140G*5입,비닐류,,
라면,8801128503693,팔도,팔도일품해물라면120G*5입,비닐류,,
라면,8801045572857,오뚜기,오뚜기참깨라면소컵65G*6입,비닐류,종이류,
라면,8801045570716,오뚜기,오뚜기열라면큰컵105G,비닐류,종이류,
라면,8801043066556,농심,농심_멸치칼국수사발_75G,비닐류,종이류,
라면,8801043043939,농심,농심해물안성탕면112G*5입,비닐류,,
라면,8801073212619,삼양식품,삼양 로제불닭볶음면 큰컵 105G,비닐류,종이류,
라면,8801045570082,오뚜기,오뚜기진라면소컵매운맛65G,비닐류,종이류,
라면,8801045572833,오뚜기,오뚜기참깨라면소컵65G,비닐류,종이류,
맥주,4901004006813,롯데아사히주류,아사히 수퍼 드라이(캔/500ML),캔류,,
맥주,8801858045661,오비맥주,카스 후레쉬(473ML*8/캔),캔류,,
맥주,4901004057044,마당쇠,아사히 수퍼드라이 생맥주캔 340ml,캔류,,
맥주,8801119241719,하이트진로,필라이트 후레쉬(1.6L/PET),플라스틱,,
맥주,4901411175317,하이트진로,기린이치방(캔/500ML),캔류,,
맥주,8801119380838,하이트진로,하이트 켈리(캔/463ml*8입),캔류,,
맥주,8801858133337,오비맥주,오비 카스(페트/1.6L),플라스틱,,
맥주,8801858011024,오비맥주,오비 카스(캔/500ML),캔류,,
맥주,8801858046743,오비맥주,카스 프레시(370ml*8),캔류,,
맥주,3080216031811,하이트진로,크로넨버그 1664 블랑(캔) 500ML,캔류,,
맥주,8801021213217,오비맥주,오비 버드와이저(캔/500ML),캔류,,
맥주,4901880851446,엠즈베버리지,삿포로(캔/500ML),캔류,,
맥주,8801119740434,하이트진로,하이트 테라(463ml*8입),캔류,,
맥주,8801030952138,롯데주류,클라우드 生 드래프트(1.6L/PET),플라스틱,,
맥주,8801030949107,롯데주류,크러시 병 500ml,유리병,알루미늄,
맥주,4901777153325,오비맥주,산토리 프리미엄 몰츠(캔/500ML),캔류,,
맥주,8801030951353,롯데주류,롯데주류_클라우드생드래프트_470ML*8,캔류,,
맥주,8801022023082,롯데주류,크러시 캔 (470ml*8),캔류,,
맥주,4066600601920,비엘인터내셔날,파울라너(캔/500ML),캔류,,
맥주,8801021230863,오비맥주,_스텔라캔_740ML,캔류,,
맥주,5740700987502,비어케이,써머스비 500ML,캔류,,
맥주,8801858011116,오비맥주,오비 카스(캔/355*6),캔류,,
맥주,8801858044701,오비맥주,오비 카스(병/500ML),유리병,알루미늄,
맥주,8801119241511,하이트진로,필라이트 후레쉬(500ML/캔),캔류,,
맥주,8801021214320,오비맥주,오비 호가든(캔/500ML),캔류,,
맥주,8801858046583,오비맥주,카스 프레시(740ml),캔류,,
맥주,6901035603232,비어케이,칭타오(캔/500ML),캔류,,
맥주,8801119380654,하이트진로,하이트 켈리(캔/365ml*8),캔류,,
맥주,4901004059130,롯데아사히주류,아사히)아사히생맥주(캔)340ML [*6입],캔류,,
맥주,8801119730015,하이트진로,하이트 테라(페트/1.6L),플라스틱,,
맥주,8801858041984,오비맥주,오비 카스(페트/1L),플라스틱,,
맥주,8801119381415,하이트진로,하이트 켈리(페트/1.6L),플라스틱,,
맥주,8801858046750,오비맥주,CP_3_오비맥주_카스캔_370ML*8,캔류,,
맥주,8801858011017,오비맥주,오비 카스(캔/355ML),캔류,,
맥주,6901035626903,비어케이,비어케이)칭따오따오에디션(캔)500ML,캔류,,
맥주,8594404115115,사브밀러,필스너우르켈(캔/500ML),캔류,,
맥주,5010278103735,빔산토리코리아,짐빔 하이볼 레몬 (350ml/캔),캔류,,
맥주,8801858042769,오비맥주,오비 카스 라이트(캔/500ML),캔류,,
맥주,8801021105192,오비맥주,필굿(PET/1.6L),플라스틱,,
맥주,8801119740113,하이트진로,하이트 테라(캔/500ML),캔류,,
맥주,8801021223124,오비맥주,스텔라캔_500ML,캔류,,
맥주,8801858133368,오비맥주,오비 카스 라이트(페트/1.6L),플라스틱,,
맥주,8712000900045,하이네켄,하이네켄(캔/500ML),캔류,,
맥주,4891032840421,산미상사,산미구엘(캔/500ML),캔류,,
맥주,8801858045678,오비맥주,CP_3_오비맥주_카스캔_473ML*8,캔류,,
맥주,8801858046309,오비맥주,오비맥주_카스큐팩_2.0L,플라스틱,,
맥주,8801119744234,하이트진로,하이트 테라(365ml*8입),캔류,,
맥주,8594404008042,사브밀러,코젤다크 500ML,캔류,,
맥주,5010278103759,빔산토리코리아,짐빔 하이볼 자몽 (350ml/캔),캔류,,
맥주,8801858045456,오비맥주,오비 카스(캔/500ML*4),캔류,,
맥주,50213085,디아지오코리아,기네스 드래프트(캔/440ML),캔류,,
맥주,8801021105154,오비맥주,필굿(캔/500ML),캔류,,
맥주,8801119241443,하이트진로,필라이트 후레쉬(캔/355*8입),캔류,,
맥주,8801119241610,하이트진로,필라이트 후레쉬(1L/PET),플라스틱,,
맥주,8801119770011,하이트진로,하이트 테라 (병/500ML),유리병,알루미늄,
맥주,8801030949220,롯데주류,처음처럼 x 솔의눈 하이볼 (500ml/캔),캔류,,
맥주,8801119740038,하이트진로,하이트 테라(캔/355ML*6),캔류,,
맥주,8801119380012,하이트진로,하이트 켈리(병/500ml),유리병,알루미늄,
맥주,8801119745156,하이트진로,하이트 테라 (345ml*24),캔류,,
맥주,8801119381019,하이트진로,하이트진로_켈리캔_500ML,캔류,,
맥주,8801858047269,오비맥주,카스 캔 (330ml*24),캔류,,
맥주,8801030952404,롯데주류,롯데주류_클라우드생드래프트_500ML,캔류,,
맥주,8801119740014,하이트진로,테라 두꺼비 피규어 증정 패키지(355ML*10),캔류,,
맥주,4901777196698,서울로직,호로요이 피치 350ML,캔류,,
맥주,8801119221117,하이트진로,하이트 제로 무알콜 355ML,캔류,,
맥주,8801119730114,하이트진로,하이트 테라(페트/1L),플라스틱,,
맥주,8593868006847,롯데주류,밀러 제뉴인 드래프트 (500ml/캔),캔류,,
맥주,8801119740236,하이트진로,하이트 테라 미니(캔/250ML*6),캔류,,
맥주,8801119241436,하이트진로,필라이트 후레쉬(캔/355*6),캔류,,
맥주,8801030949329,롯데주류,처음처럼 x 실론티 하이볼 (500ml/캔),캔류,,
맥주,4801032111025,산미상사,산미구엘 맥주(병/320ML),유리병,알루미늄,
맥주,8801119241412,하이트진로,하이트진로_필라이트캔후레쉬_355ML,캔류,,
맥주,5901594001389,하이트진로,크로넨버그 1664 로제(500ml/캔),캔류,,
맥주,8712000057190,하이네켄,_하이네켄_실버_500ML,캔류,,
맥주,8801030998075,롯데주류,롯데 클라우드(캔/500ML),캔류,,
맥주,8594404005782,사브밀러,"코젤 라거 (캔, 500ML)",캔류,,
맥주,8809556110001,제주맥주,제주 위트 에일 500ML,캔류,,
맥주,8801119740472,하이트진로,하이트 테라(463ml*8입),캔류,,
맥주,8801858044688,오비맥주,오비 카스(병/640ML),유리병,알루미늄,
맥주,8809627730497,세븐브로이맥주,곰표 밀맥주(캔/500ML),캔류,,
맥주,8888017220046,하이네켄,타이거 라들러(500ML/캔),캔류,,
맥주,8801030951452,롯데주류,클라우드 生 드래프트 (355ml*8),캔류,,
맥주,8809556440245,플래티넘크래프트브루잉,플래티넘 에일의 정석(캔/500ML),캔류,,
맥주,8801021229232,오비맥주,오비)호가든로제(캔)500ML,캔류,,
맥주,4770301235833,볼파스엔젤맨,볼파스 엔젤맨 블랑(568ML/캔),캔류,,
맥주,8801119740151,하이트진로,하이트 테라(캔/500ML*6),캔류,,
맥주,8801021083520,오비맥주,오비 카프리(병/330ML),유리병,알루미늄,
맥주,4002103292876,비어케이,에딩거바이스헤페(캔/500ML),캔류,,
맥주,8801119381217,하이트진로,하이트 켈리(페트/1L),플라스틱,,
맥주,5740700986932,하이트진로,크로넨버그 1664 라거(캔/500ML),캔류,,
맥주,8801022023129,롯데주류,크러시 캔 500ml*4,캔류,,
맥주,8801858133320,오비맥주,오비 카스(페트/1.6L*6),플라스틱,,
맥주,8801119241559,하이트진로,필라이트 후레쉬(500ML*6/캔),캔류,,
맥주,4901777251977,서울로직,호로요이 화이트 사워 350ML,캔류,,
맥주,6901035607230,비어케이,칭타오 퓨어 드래프트(캔/500ML),캔류,,
맥주,18200250002,오비맥주,버드와이져 740ML,캔류,,
맥주,8801022023013,롯데주류,크러시 캔 (355ml*6),캔류,,
맥주,4901880879891,엠즈베버리지,에비스(캔/500ML),캔류,,
맥주,8801021106588,오비맥주,한맥 464ml*8캔 패키지,캔류,,
맥주,8801030949466,롯데주류,클라우드 클리어 0.5 (355ml/캔),캔류,,
생수,8808244101079,광동제약,삼다수_그린_2L*6,플라스틱,,
생수,8808244201045,광동제약,제주 삼다수 2L,플라스틱,,
생수,8808244201014,광동제약,제주 삼다수 500ml,플라스틱,,
생수,8808244101086,광동제약,삼다수_그린_500ML*20,플라스틱,,
생수,8808244208044,광동제약,제주 삼다수 2L*6,플라스틱,,
생수,8801043020473,농심,농심 백산수 2L,플라스틱,,
생수,8801105916454,해태에이치티비,해태음료_강원평창수무라벨_2L*6,플라스틱,,
생수,8801105000313,해태에이치티비,해태 강원평창수 2L,플라스틱,,
생수,8801043020480,농심,농심 백산수 2L*6,플라스틱,,
생수,8801056049881,롯데칠성음료,칠성 아이시스 8.0 500ML,플라스틱,,
생수,8808244208013,광동제약,제주 삼다수 500ml*20,플라스틱,,
생수,8801056072117,롯데칠성음료,롯데칠성_아이시스평화공원산림수_2L,플라스틱,,
생수,8801105984088,해태에이치티비,해태 강원평창수 2L*6,플라스틱,,
생수,8801056072124,롯데칠성음료,아이시스 평화공원 산림수 2L*6입,플라스틱,,
생수,8801056049904,롯데칠성음료,칠성 아이시스8.0 2L,플라스틱,,
생수,8801043059497,농심,농심 백산수 무라벨 2L*6입,플라스틱,,
생수,8801056059842,롯데칠성음료,칠성 아이시스 8.0 300ML,플라스틱,,
생수,8801043020459,농심,농심 백산수 600ML,플라스틱,,
생수,8801047830924,동원에프앤비,동원_동원샘물무라벨_2L*6,플라스틱,,
생수,8801056049935,롯데칠성음료,칠성 아이시스8.0 2L*6,플라스틱,,
생수,8808244100997,광동제약,제주삼다수 330mL*20,플라스틱,,
생수,8801056226237,롯데칠성음료,롯데칠성_아이시스8.0(무라벨)_300ML*20,플라스틱,,
생수,8801043031929,농심,농심 백산수 330ml,플라스틱,,
생수,8801043022798,농심,농심 백산수 500ml*20,플라스틱,,
생수,8803186000305,한국청정음료,한국청정음료_몽베스트무라벨_2L*6,플라스틱,,
생수,8801056072087,롯데칠성음료,롯데칠성_평화공원산림수_500ML,플라스틱,,
생수,8801043022781,농심,농심 백산수 500ml,플라스틱,,
생수,8801047830931,동원에프앤비,동원_동원샘물무라벨_500ML*20,플라스틱,,
생수,8803186000121,한국청정음료,한국청정음료_몽베스트_330ML*6,플라스틱,,
생수,8801056087616,롯데칠성음료,칠성 아이시스 8.0 1L,플라스틱,,
생수,8801105915303,해태에이치티비,해태 강원평창수 500ML,플라스틱,,
생수,8801117070007,오리온,오리온 제주용암수 530mL,플라스틱,,
생수,8801056085407,롯데칠성음료,칠성 아이시스 8.0 300ML*20,플라스틱,,
생수,8801043059633,농심,농심_백산수무라벨_500ML*20,플라스틱,,
생수,8801056087623,롯데칠성음료,칠성 아이시스 8.0 1L*6,플라스틱,,
생수,8801056049928,롯데칠성음료,칠성 아이시스 8.0 500ML*20,플라스틱,,
생수,8801043031936,농심,농심 백산수 330ml*20,플라스틱,,
생수,8809169718205,풀무원샘물,풀무원샘물 by NATURE 500ml,플라스틱,,
생수,8801043047708,농심,농심 백산수 1L*6,플라스틱,,
생수,8801117070113,오리온,오리온 제주용암수 2L*6,플라스틱,,
생수,8801861210285,웅진식품,동부팜가야_G워터먹는샘물_2L*6,플라스틱,,
생수,8808244100973,광동제약,제주삼다수 330mL,플라스틱,,
생수,8801043047692,농심,농심 백산수 1L,플라스틱,,
생수,8809169712210,풀무원샘물,네슬레퓨어라이프 생수 2L,플라스틱,,
생수,8801382149613,웅진식품,웅진_가야G워터ECO(무라벨)_2L*6,플라스틱,,
생수,8809055547469,스파클,스파클_2L*6,플라스틱,,
생수,3068320024400,롯데칠성음료,칠성)에비앙500ML,플라스틱,,
생수,8801105997064,해태에이치티비,해태 강원평창수 500ML*20,플라스틱,,
생수,8801117070014,오리온,오리온 제주용암수 530mL*20,플라스틱,,
생수,8801117070106,오리온,오리온 제주용암수 2L,플라스틱,,
생수,8801861210124,웅진식품,동부팜가야_G워터먹는샘물_500ML*20,플라스틱,,
생수,8809169712203,풀무원샘물,풀무원 샘물 2.0L,플라스틱,,
생수,8803895300093,지리산산청샘물,지리산산청샘물_화이트_2L*6,플라스틱,,
생수,8801056072094,롯데칠성음료,아이시스 평화공원 산림수 500ML*20,플라스틱,,
생수,8809169719707,풀무원샘물,풀무원샘물 by NATURE 500ml*20,플라스틱,,
생수,8809169710032,풀무원샘물,네슬레퓨어라이프 키즈 330ml,플라스틱,,
생수,8809169713705,풀무원샘물,풀무원 샘물 2.0L*6,플라스틱,,
생수,8809055547452,스파클,스파클 500ML*20,플라스틱,,
생수,8801043042567,농심,농심 백산수 2L*6입,플라스틱,,
생수,8801056171346,롯데칠성음료,롯데칠성 아이시스ECO 2.0L*6,플라스틱,,
생수,8801056055882,롯데칠성음료,롯데 아이시스 8.0 (2L),플라스틱,,
생수,8809296886150,팔도,팔도 뽀로로 샘물 250ml,플라스틱,,
생수,3068320116211,롯데칠성음료,에비앙 1L,플라스틱,,
생수,8803186200118,한국청정음료,몽베스트2L*6,플라스틱,,
생수,8801043068567,농심,농심 백산수 500ML*20입,플라스틱,,
생수,8801056231392,롯데칠성음료,롯데칠성 아이시스 8.0 ECO 2L*6,플라스틱,,
생수,8801117071806,오리온,오리온_닥터유면역수_530ML,플라스틱,,
생수,8809169710025,풀무원샘물,네슬레퓨어라이프 키즈 330ml,플라스틱,,
생수,8809482500167,아워홈,아워홈_지리산수_2L*6,플라스틱,,
생수,4902102148672,삼경엠앤에스,이로하스_화이트피치_555ML,플라스틱,,
생수,7613033131585,훼밀리인터내셔날,구)페리에레몬330ml,유리병,알루미늄,
생수,8801117071813,오리온,오리온 닥터유 면역수 530ML,플라스틱,,
생수,8809169710087,풀무원샘물,풀무원샘물_무라벨_2L*6입,플라스틱,,
생수,3551720026810,한국쥬맥스,로리나레몬에이드_420ML,플라스틱,,
생수,8801047829812,동원에프앤비,동원샘물 500ml*20,플라스틱,,
생수,8850999133003,한국쥬맥스,싱하소다325ml,유리병,알루미늄,
생수,7613032983543,훼밀리인터내셔날,페리에라임330ml,유리병,알루미늄,
생수,8801047816959,동원에프앤비,동원샘물 2L*6,플라스틱,,
생수,3551720026780,한국쥬맥스,로리나핑크레몬에이드_420ML,플라스틱,,
생수,8809482500143,아워홈,아워홈 지리산수 500ML*20,플라스틱,,
생수,8803895300086,지리산산청샘물,지리산산청샘물_화이트_2L,플라스틱,,
생수,8002270021060,신동와인,산펠레그리노250*6,유리병,알루미늄,
생수,8801047288213,동원에프앤비,동원샘물 2L,플라스틱,,
생수,8801056234492,롯데칠성음료,롯데_에비앙에어배드패키지_500ML*6,플라스틱,,
생수,8880000000000,광동제약,제주삼다수2L [*6입],플라스틱,,
생수,3179730010591,훼밀리인터내셔날,페리에 레몬330ml,유리병,알루미늄,
생수,8801047288114,동원에프앤비,동원샘물 500ml,플라스틱,,
생수,3068320055015,롯데칠성음료,에비앙500ML*24입(박스판매),플라스틱,,
생수,411787280002,롯데칠성음료,롯데아이시스8.0300ML [*20입],플라스틱,,
생수,8220623000009,롯데칠성음료,롯데아이시스산림수2.0L [*6입],플라스틱,,
생수,8885555555555,광동제약,제주삼다수2L [*6입],플라스틱,,
생수,8801056177539,롯데칠성음료,롯데칠성_아이시스ECO무라벨_500ML,플라스틱,,
생수,3068320024509,롯데칠성음료,에비앙(330ML),플라스틱,,
생수,8989000055512,광동제약,제주삼다수2L [*6입],플라스틱,,
생수,3179730010041,훼밀리인터내셔날,페리에 플레인330ml,유리병,알루미늄,
생수,3179730010560,훼밀리인터내셔날,페리에 라임330ml,유리병,알루미늄,
생수,8002270011054,한국쥬맥스,산펠레그리노_750ML,유리병,알루미늄,
생수,8803186200095,한국청정음료,몽베스트생수1L*6,플라스틱,,
생수,8803186200132,한국청정음료,몽베스트생수500ml*20,플라스틱,,
생수,8809169710223,풀무원샘물,풀무원 워터루틴 500ml*20,플라스틱,,
요구르트,8801115214861,서울우유협동조합,서울우유 더진한 플레인 요거트 순수 1.8L,플라스틱,,
요구르트,8809274515911,풀무원다논,풀무원다논_하루요거트사과_120ML*4,플라스틱,비닐류,
요구르트,8801104301763,빙그레,빙그레 요플레 라이트슈퍼베리(4입),플라스틱,비닐류,
요구르트,8801115213017,서울우유협동조합,서울우유 비요뜨 초코링 2입 143g*2,플라스틱,비닐류,
요구르트,8809274515942,풀무원다논,풀무원다논_하루요거트포도_120ML*4,플라스틱,비닐류,
요구르트,8801104280037,빙그레,빙그레 요플레클래식플레인 85g*4,플라스틱,비닐류,
요구르트,8801121033111,매일유업,매일유업  바이오 그릭요거트 플레인 400g,플라스틱,,
요구르트,8801128230117,hy,한국야쿠르트 윌 150ml*5,플라스틱,,
요구르트,8801121772713,매일유업,매일_엔요100ml*10입,플라스틱,,
요구르트,8801128230551,hy,한국야쿠르트 윌 150ML*8,플라스틱,,
요구르트,8801155741167,동원에프앤비,동원소와나무_비피더스명장12입기획_140ML*12,플라스틱,,
요구르트,8801115223917,서울우유협동조합,서울우유 요구르트 65ml*20,플라스틱,,
요구르트,8809350882296,서울에프엔비,서울에프엔비 패밀리 요구르트 750ml,플라스틱,,
요구르트,8801069178127,남양유업,남양유업 떠먹는불가리스기획 10입 85g*10입,플라스틱,비닐류,
요구르트,8809762120092,스위트바이오,_그릭데이그릭요거트시그니처_100G,플라스틱,,
요구르트,8801121761410,매일유업,매일유업 바이오플레인 450g,플라스틱,,
요구르트,8801155428112,동원에프앤비,동원F&B 소와나무 비피더스명장 150ml*4,플라스틱,,
요구르트,8801104672559,빙그레,빙그레 요플레 샤인머스켓 85g*4,플라스틱,비닐류,
요구르트,8801069225111,남양유업,남양유업 마시는불가리스 사과기획 150ml*8,플라스틱,,
요구르트,8801155972813,동원에프앤비,동원F&B 소와나무 비피더스명장 기획 140ml*12,플라스틱,,
요구르트,8801128280914,hy,한국야쿠르트 야쿠르트 라이트 65ML*20입,플라스틱,,
요구르트,8809520490108,요즘,요즘 플레인 그릭요거트 100g,플라스틱,,
요구르트,8801069217925,남양유업,남양유업 마시는불가리스사과 150ml*4,플라스틱,,
요구르트,8801121035276,매일유업,매일_바이오그릭오리지널플레인_80G*4,플라스틱,비닐류,
요구르트,8801121762837,매일유업,매일유업 바이오플레인 저지방 450g,플라스틱,,
요구르트,8801155977528,동원에프앤비,동원F&B 소와나무 생크림요거트 기획 85g*8,플라스틱,비닐류,
요구르트,8801069411767,남양유업,남양 떠먹는 불가리스 플레인 10입 기획 85G*10,플라스틱,비닐류,
요구르트,8801207050131,롯데푸드,롯데푸드 파스퇴르 쾌변요구르트사과 150ml*3,플라스틱,,
요구르트,8801115215141,서울우유협동조합,서울우유 짜요짜요딸기 40g*6,비닐류,,
요구르트,8801104250672,빙그레,빙그레_요플레_85G*10입기획,플라스틱,비닐류,
요구르트,8801121765388,매일유업,상하 유기농베이비(플레인) 85g*4,플라스틱,비닐류,
요구르트,8809274514563,풀무원다논,풀무원다논_그릭달지않은플레인_450G,플라스틱,,
요구르트,8809274511111,풀무원다논,풀무원 다논 그릭요거트플레인 95g*4,플라스틱,비닐류,
요구르트,8809274514587,풀무원다논,풀무원다논_아이러브요거트생크림_80G*4,플라스틱,비닐류,
요구르트,8801121510179,매일유업,매일유업 바이오 백도 85g*4,플라스틱,비닐류,
요구르트,8801155428419,동원에프앤비,동원F&B 소와나무 비피더스명장 150ml*4,플라스틱,,
요구르트,8801115215240,서울우유협동조합,서울우유 짜요짜요포도맛 40g*6,비닐류,,
요구르트,8801069217895,남양유업,남양유업 요구르트 65ml*20,플라스틱,,
요구르트,8801128230094,hy,한국야쿠르트 윌저지방 150ml*5,플라스틱,,
요구르트,8801121772393,매일유업,매일 엔요100 (플레인) 100ML*5,플라스틱,,
요구르트,8809274512705,풀무원다논,풀무원다논_그릭달지않은플레인_95G*4,플라스틱,비닐류,
요구르트,8801155741617,동원에프앤비,덴마크 드링킹 요구르트 딸기 750ml,플라스틱,,
요구르트,8801104241717,빙그레,빙그레 요플레기획 10입 85g*10,플라스틱,비닐류,
요구르트,8809274511319,풀무원다논,풀무원 다논 액티비아 화이트 (8컵) 90g*8,플라스틱,비닐류,
요구르트,8801104307024,빙그레,빙그레 바이오플레 기획 140ml*12입,플라스틱,,
요구르트,8801121774052,매일유업,매일 엔요100(플레인)기획 100ML*15,플라스틱,,
요구르트,8809274511234,풀무원다논,풀무원다논_요그릭블루베리_95G*4,플라스틱,비닐류,
요구르트,8801115213628,서울우유협동조합,서울우유 비요뜨 쿠키앤크림 136g*2,플라스틱,비닐류,
요구르트,8801121510100,매일유업,매일유업 바이오딸기 85g*4,플라스틱,비닐류,
요구르트,8801069411231,남양유업,남양유업_이오_80ML*10,플라스틱,,
요구르트,8801121772416,매일유업,매일엔요요구르트100ml,플라스틱,,
요구르트,8801157492753,일동후디스,일동후디스 그릭요거트 플레인 80g*4,플라스틱,비닐류,
요구르트,8809762120115,스위트바이오,_그릭데이그릭요거트라이트_100G,플라스틱,,
요구르트,8801115215349,서울우유협동조합,짜요짜요복숭아 240G,비닐류,,
요구르트,8801121765371,매일유업,상하 유기농베이비 딸기바나나 85G*4,플라스틱,비닐류,
요구르트,8801104242189,빙그레,빙그레_요플레플레인_85G*4,플라스틱,비닐류,
요구르트,8801104301213,빙그레,빙그레 플레인화이트 대 900g,플라스틱,,
요구르트,8809274510145,풀무원다논,풀무원 다논 액티비아사과 130ml*4,플라스틱,,
요구르트,8801128281904,hy,hy 원조 야쿠르트 1971 450ml,플라스틱,,
요구르트,8801207141273,롯데푸드,파스퇴르 오직 우유 100% 요구르트 대용량 400g,플라스틱,,
요구르트,8801155469917,동원에프앤비,동원F&B 소와나무 요러브생크림 85g*4,플라스틱,비닐류,
요구르트,8801104672542,빙그레,빙그레_요플레살구맛_85G*4,플라스틱,비닐류,
요구르트,8809223960045,신앙촌식품,신앙촌 런 요구르트 12입 120ML*12입,플라스틱,,
요구르트,8801104273459,빙그레,빙그레 바이오플레사과 140ml*4,플라스틱,,
요구르트,8801115214700,서울우유협동조합,서울우유 더진한 플레인 요거트 스위트 1.8L,플라스틱,,
요구르트,8801104242172,빙그레,빙그레 요플레오리지널플레인 85g*4,플라스틱,비닐류,
요구르트,8801128240215,hy,한국야쿠르트 거꾸로 먹는야쿠르트 110ml*4,플라스틱,,
요구르트,8809274511333,풀무원다논,풀무원 다논 그릭요거트플레인 450g,플라스틱,,
요구르트,8809274511128,풀무원다논,풀무원 다논 그릭요거트 기획 95g*8,플라스틱,비닐류,
요구르트,88010717,hy,한국야쿠르트 프리미엄 라이트 100ml*5,플라스틱,,
요구르트,8809520490634,요즘,요즘 플레인 그릭요거트 블루베리 콩포트 100G,플라스틱,,
요구르트,8801121768389,매일유업,매일유업 상하목장 유기농요구르트(100ml*5입),플라스틱,,
요구르트,8801128281003,hy,HY_야쿠르트1971_750ML,플라스틱,,
요구르트,8809274512712,풀무원다논,풀무원 다논 그릭 달지않은 플레인 8입 95g*8,플라스틱,비닐류,
요구르트,8801128200103,hy,한국야쿠르트 쿠퍼스프리미엄 140ml*4,플라스틱,,
요구르트,8801115212027,서울우유협동조합,서울 목장요구르트 딸기 750ml,플라스틱,,
요구르트,8801155741600,동원에프앤비,덴마크 드링킹 요구르트 플레인 750ml,플라스틱,,
요구르트,8801115214021,서울우유협동조합,서울)앙팡요구르트 65*5ml,플라스틱,,
요구르트,8809274511302,풀무원다논,풀무원다논_액티비아0%플레인_90G*4,플라스틱,비닐류,
요구르트,8801155428624,동원에프앤비,동원소와나무_비피더스명장베리믹스_150ML*8,플라스틱,,
요구르트,8801121764749,매일유업,매일유업 상하 유기농요구르트플레인 400g,플라스틱,,
요구르트,8801069406855,남양유업,남양 이오 기획팩 80ml*10,플라스틱,,
요구르트,8801104240581,빙그레,빙그레 키즈짜먹는딸기요플레 40g*6,비닐류,,
요구르트,8801121036488,매일유업,매일_바이오그릭요거트플레인_800G,플라스틱,,
요구르트,8801115213024,서울우유협동조합,서울우유 비요뜨 크런치볼 2입 143g*2,플라스틱,비닐류,
요구르트,8809274511753,풀무원다논,풀무원 다논 액티비아딸기복숭아(8입),플라스틱,비닐류,
요구르트,8801104240284,빙그레,빙그레 요플레딸기(홈) 200g,플라스틱,비닐류,
요구르트,8809274510169,풀무원다논,풀무원 아이러브 복숭아 80g*4,플라스틱,비닐류,
요구르트,8801069212715,남양유업,남양유업 이오하이 80ml*5,플라스틱,,
요구르트,8801157491985,일동후디스,일동후디스 그릭요거트 플레인 450g,플라스틱,,
요구르트,8809274510046,풀무원다논,풀무원 다논 액티비아플레인 130ml*4,플라스틱,,
요구르트,8801121763773,매일유업,매일유업 바이오 블루베리 85g*4,플라스틱,비닐류,
요구르트,8801104943680,빙그레,빙그레_요플레제주감귤_85G*4,플라스틱,비닐류,
요구르트,8801753110976,연세대학교연세우유,연세_딸기요거트_300ML,종이류,,
요구르트,8801069217987,남양유업,남양유업 마시는불가리스플레인 150ml*4,플라스틱,,
요구르트,8809274510091,풀무원다논,풀무원 아이러브 플레인 80g*4,플라스틱,비닐류,
요구르트,8809274510152,풀무원다논,풀무원 아이러브 요거트 딸기 80g*4,플라스틱,비닐류,
요구르트,8809274515362,풀무원다논,풀무원다논 액티비아더블액션골드키위 80G*4입,플라스틱,비닐류,
요구르트,8801069225098,남양유업,남양유업 마시는불가리스딸기기획 150ml*8,플라스틱,,
요구르트,8801115223894,서울우유협동조합,서울우유  짜요짜요 망고바나나40g*6,비닐류,,
우유,8801115111054,서울우유협동조합,서울우유 흰우유 2.3L,플라스틱,,
우유,8801115114154,서울우유협동조합,서울우유 흰우유 1000ml,종이류,,
우유,8801115114611,서울우유협동조합,서울우유 후레쉬밀크기획 900ml*2,종이류,,
우유,8801069221397,남양유업,남양유업 맛있는우유GT기획 900ml*2,종이류,,
우유,8801115118374,서울우유협동조합,서울우유 저지방우유기획 2입 1000ml*2,종이류,,
우유,8801115111030,서울우유협동조합,서울우유 흰우유 1800ml,플라스틱,,
우유,8801104220453,빙그레,빙그레 바나나우유 240ml*4,플라스틱,,
우유,8801115114260,서울우유협동조합,서울우유 목장신선우유,플라스틱,,
우유,8801104674874,빙그레,빙그레)딸기라이트80G*4,플라스틱,비닐류,
우유,8801123101184,푸르밀,푸르밀 생과즙바나나우유 225ml*4,플라스틱,,
우유,8801115132134,서울우유협동조합,서울우유 포리커피우유 200ml*4,비닐류,,
우유,8801121102398,매일유업,매일유업 소화잘되는우유 930ml,종이류,,
우유,8801115117018,서울우유협동조합,서울우유 유기농우유 700ml,플라스틱,,
우유,8801121020968,매일유업,매일 후레쉬 오리지널우유 기획 900ML*2,종이류,플라스틱,
우유,8801121752197,매일유업,매일유업 소화가잘되는저지방우유 930ml,종이류,,
우유,8801121772874,매일유업,매일 후레쉬 오리지널 우유 900ML,종이류,플라스틱,
우유,8801115114673,서울우유협동조합,서울 밀크랩 속편한 저지방우유기획,종이류,플라스틱,
우유,8801115118213,서울우유협동조합,서울우유 저지방우유 1800ml,플라스틱,,
우유,8801155721992,동원에프앤비,동원덴마크_소화가잘되는우유_900ML*2,종이류,,
우유,8801155722555,동원에프앤비,동원덴마크_소화가잘되는우유_2.3L,플라스틱,,
우유,8801115118183,서울우유협동조합,서울우유 저지방우유 1000ml,종이류,플라스틱,
우유,8801069173603,남양유업,남양유업 맛있는우유GT 900ml,종이류,,
우유,8801115114031,서울우유협동조합,서울우유 흰우유 200ml*3,종이류,,
우유,8801121109618,매일유업,매일유업 상하목장유기농우유 750ml,플라스틱,,
우유,8801121023938,매일유업,매일유업 상하목장 후레쉬팩 유기농 우유 900ml,종이류,플라스틱,
우유,8801526141176,부산경남우유협동조합,부산우유_바나나가득_200ML,종이류,,
우유,8801115114123,서울우유협동조합,서울_우유_200ml*3,종이류,,
우유,88002798,빙그레,빙그레 바나나우유 240ml,플라스틱,,
우유,8801115114130,서울우유협동조합,서울우유 흰우유 500ml,종이류,,
우유,8801115114338,서울우유협동조합,서울우유 목장신선저지방우유,플라스틱,,
우유,8801115118367,서울우유협동조합,서울우유 저지방우유 2.3L,플라스틱,,
우유,8801207090830,롯데푸드,파스퇴르 후레쉬우유기획 900ml*2,플라스틱,,
우유,8801115134237,서울우유협동조합,서울우유 가공유쵸코 200ml*3,종이류,,
우유,8801526141169,부산경남우유협동조합,부산우유_초코가득_200ML,종이류,,
우유,8801155974046,동원에프앤비,동원F&B 덴마크 더건강한우유 기획 900ml*2,종이류,,
우유,8801104212762,빙그레,빙그레_단지우유5입기획_240ml*5,플라스틱,,
우유,8801121032862,매일유업,매일유업  상하목장 유기농 멸균우유 125ml*4,종이류,,
우유,8801121033388,매일유업,매일_상하목장_저온살균무항생제인증우유_900ML,종이류,플라스틱,
우유,8801121039441,매일유업,매일유업 소화가잘되는우유 프로틴 930ML,종이류,,
우유,8801069409467,남양유업,남양유업 GT 고소한 락토프리 우유 900ML*2입,종이류,,
우유,8801115115045,서울우유협동조합,서울 멸균 흰 우유 200mL*24,종이류,,
우유,8801104295888,빙그레,바나나스페셜240ml*6,플라스틱,,
우유,8801104301091,빙그레,빙그레 초코타임 200ml*3,종이류,,
우유,8801115134039,서울우유협동조합,서울우유 가공커피우유 200ml*3,종이류,,
우유,8801104301084,빙그레,빙그레 딸기타임 200ml*3,종이류,,
우유,8806371351084,푸르밀,푸르밀_딸기우유_225ML*4,플라스틱,,
우유,8801207991137,롯데푸드,파스퇴르 후레쉬우유 2.3L,플라스틱,,
우유,8801069300801,남양유업,남양유업 GT 고소한 저지방 우유기획 900ml*2,종이류,,
우유,8801115136538,서울우유협동조합,서울우유 내 속이 편안한 우유 기획 2입 900ML*2,종이류,플라스틱,
우유,8801207101062,롯데푸드,롯데푸드 파스퇴르 저온살균미니우유 200ml*3,플라스틱,,
우유,8801104301534,빙그레,빙그레 바나나맛+딸기맛기획,플라스틱,,
우유,8801155730932,동원에프앤비,덴마크 산양우유 750ml,플라스틱,,
우유,8801115134435,서울우유협동조합,서울우유 가공유딸기 200ml*3,종이류,,
우유,8801207990291,롯데푸드,파스퇴르후레쉬우유1800ml,플라스틱,,
우유,8801207991564,롯데푸드,파스퇴르 후레쉬우유  900ml,플라스틱,,
우유,8801069415680,남양유업,남양_맛있는우유GT락토프리저지방_900ML*2,종이류,,
우유,8801115137382,서울우유협동조합,서울 뼈에쏙쏙고칼슘우유기획,종이류,,
우유,8801121772898,매일유업,매일 후레쉬 저지방우유1% 900ML,종이류,플라스틱,
우유,8801526134086,부산경남우유협동조합,_NCDINOS1A우유_2.3L,플라스틱,,
우유,8801155743734,동원에프앤비,동원소와나무_아임초코_500ML,종이류,,
우유,8801115135098,서울우유협동조합,서울_쵸코우유_200ML*3,종이류,,
우유,8801121112793,매일유업,매일유업 ESL우유 200ml*3,종이류,,
우유,8801121032909,매일유업,매일_상하목장유기농멸균딸기_125ML*4,종이류,,
우유,8801121768136,매일유업,매일 소화가잘되는멸균우유(6입),종이류,,
우유,8801128281089,hy,한국야쿠르트 하루우유 900ml*2입,종이류,,
우유,8801104221450,빙그레,빙그레 딸기맛우유 240ml*4,플라스틱,,
우유,8801121763964,매일유업,매일_아몬드브리즈무당_950ml,종이류,플라스틱,
우유,5900512987323,엔제이,GOT밀크)멸균우유1L,종이류,플라스틱,
우유,8809350881374,서울에프엔비,서울F&B_설빙밀크연유라떼_250ML,플라스틱,,
우유,8801104943093,빙그레,빙그레_고구마맛우유_240ML*4,플라스틱,,
우유,8801121102237,매일유업,매일유업 흰우유 2.3L,플라스틱,,
우유,8801115118138,서울우유협동조합,서울우유 저지방우유 200ml*3,종이류,,
우유,8801104212212,빙그레,빙그레 바나나우유라이트 240ml*4,플라스틱,,
우유,8801104212205,빙그레,빙그레 바나나라이트우유 240ml,플라스틱,,
우유,8801069211459,남양유업,남양_초코에몽_180ML*4,종이류,,
우유,8801155978136,동원에프앤비,동원 고칼슘저지방우유기획,종이류,,
우유,8801069416717,남양유업,남양GT 소화잘되는 배안아픈 단백질 우유기획900ml*2,종이류,,
우유,8801121763957,매일유업,매일_아몬드브리즈오리지날_950ml,종이류,플라스틱,
우유,8801115135241,서울우유협동조합,서울우유 검은콩우유 블랙라벨 900ml,종이류,,
우유,8801155743482,동원에프앤비,(B)Deal.1A 우유 2.3L,플라스틱,,
우유,8801121772904,매일유업,매일 후레쉬 무지방우유0% 900ML,종이류,플라스틱,
우유,8801121112809,매일유업,매일_허쉬쵸코드링크_235ML*4,종이류,,
우유,8801069401768,남양유업,남양 맛있는우유 초코 180ml*3,종이류,,
우유,8801069401751,남양유업,남양 맛있는우유 딸기 180ml*3,종이류,,
우유,8801155743727,동원에프앤비,동원소와나무_아임딸기_500ML,종이류,,
우유,8801121109632,매일유업,상하목장 유기농저지방우유,플라스틱,,
우유,8801121020982,매일유업,매일 후레쉬 저지방1%우유 기획 900ML*2,종이류,플라스틱,
우유,8801753107204,연세대학교연세우유,연세_고소한1급A우유_1L,플라스틱,,
우유,8801104221467,빙그레,빙그레 딸기맛우유 240ml,플라스틱,,
우유,8801121033395,매일유업,상하목장_저온살균무항생제저지방우유_900ML,종이류,플라스틱,
우유,5900512984759,매일유업,_믈레코비타멸균우유_1L,종이류,플라스틱,
우유,8801115115571,서울우유협동조합,서울우유 그린라벨 우유 기획 1000ml 2입,플라스틱,,
우유,8801069185194,남양유업,남양유업 초코에몽 250ml,종이류,,
우유,8801526132044,부산경남우유협동조합,부산흰우유 1000ml(점특화),종이류,,
우유,8801121032916,매일유업,매일_상하목장유기농멸균바나나_125ML*4,종이류,,
우유,8801128306249,hy,(주)hy 호우섬 홍콩 밀크티 350ml,플라스틱,,
우유,8801104940887,빙그레,빙그레 메로나맛우유 240ml*4,플라스틱,,
우유,8801069403724,남양유업,남양유업 GT 고소한 락토프리 우유 900ML,종이류,,
우유,8801115135104,서울우유협동조합,서울_딸기우유_200ml*3,종이류,,
우유,8801121023921,매일유업,매일유업 상하목장 후레쉬팩 유기농 저지방우유 900ml,종이류,플라스틱,
커피,8801056094591,롯데칠성음료,롯데칠성 칸타타 콘트라베이스 블랙 500ml,플라스틱,,
커피,8801056096052,롯데칠성음료,롯데칠성 칸타타 콘트라베이스 라떼 500ml,플라스틱,,
커피,8809388465058,이디야,이디야 트리플 바닐라라떼 500ML,플라스틱,,
커피,8801037087543,동서식품,동서 맥심 TOP마스타라떼 275ml,캔류,,
커피,8801155722647,동원에프앤비,동원)덴마크오리진바닐라라떼300ML,플라스틱,,
커피,8801037086942,동서식품,서울_스타벅스라떼_200ML,플라스틱,,
커피,8809388463917,이디야,이디야_카페라떼_300ML,플라스틱,,
커피,8801121106792,매일유업,매일_바리스타에스프레소라떼_250ML,플라스틱,,
커피,8801056018948,롯데칠성음료,칸타타 프리미엄라떼 275ML,캔류,,
커피,8801155742164,동원에프앤비,동원)덴마크오리진모카라떼300ML,플라스틱,,
커피,8801121761823,매일유업,매일_바리스타로슈거에스프레소_250ML,플라스틱,,
커피,8801037087550,동서식품,동서 맥심 TOP아메리카노 275ml,캔류,,
커피,8809388465034,이디야,이디야 트리플 아메리카노 500ML,플라스틱,,
커피,8801056178666,롯데칠성음료,롯데칠성_칸타타콘트라베이스디카페인블랙_500ML,플라스틱,,
커피,8801056018900,롯데칠성음료,칸타타 아메리카노 275ML,캔류,,
커피,8801037087741,동서식품,동서 맥심 TOP 더블랙 275ml,캔류,,
커피,8801094502669,한국코카콜라,조지아 크래프트 아메리카노 470ML,플라스틱,,
커피,8809388464464,이디야,이디야 바닐라 라떼 300ML,플라스틱,,
커피,8801115381518,서울우유협동조합,서울우유_스타벅스라떼_270ML,플라스틱,,
커피,8801056290061,롯데칠성음료,칠성)레쓰비마일드175ML*6,캔류,,
커피,8801056234027,롯데칠성음료,롯데칠성 칸타타 콘트라베이스 블랙 앤 샷 500ML,플라스틱,,
커피,8801094512668,한국코카콜라,조지아 크래프트 카페라떼 470ML,플라스틱,,
커피,8801121107942,매일유업,매일_바리스타모카프레소_250ML,플라스틱,,
커피,8809388464471,이디야,이디야 쇼콜라모카 300ML,플라스틱,,
커피,8801155722487,동원에프앤비,덴마크_오리진돌체라떼_250ML,플라스틱,,
커피,8809388463924,이디야,이디야_토피넛시그니처라떼_300ML,플라스틱,,
커피,8801056290016,롯데칠성음료,레쓰비마일드175ml,캔류,,
커피,8809388464761,이디야,이디야커피 믹스 커피 1L,플라스틱,,
커피,8801121775363,매일유업,P)매일_커피속에모카치노_300ML*3,종이류,,
커피,8801037096392,동서식품,동서 스타벅스 셀렉트 바닐라 라떼 300ML,플라스틱,,
커피,8801056051921,롯데칠성음료,칸타타 카라멜마키아토 275ml,캔류,,
커피,8809388463931,이디야,이디야_돌체콜드브루_300ML,플라스틱,,
커피,8809350888984,서울에프엔비,투썸)에이리스트카페라떼250ML,플라스틱,,
커피,8801121113141,매일유업,매일_까페라떼(랜덤기획)_220ML*4,플라스틱,,
커피,8801104666152,빙그레,빙그레)오늘의커피카페라떼250ML,플라스틱,,
커피,8801121771402,매일유업,매일_바리스타바닐라빈라떼_325ML,플라스틱,,
커피,8801104666176,빙그레,빙그레_오늘의커피바닐라라떼_250ml,플라스틱,,
커피,8801056174149,롯데칠성음료,롯데칠성_레쓰비그란데헤이즐넛_500ML,플라스틱,,
커피,8801037096378,동서식품,동서 스타벅스 셀렉트 카페 라떼 300ML,플라스틱,,
커피,8801121103319,매일유업,매일_카페라떼마일드_220ML,플라스틱,,
커피,8801037006193,동서식품,동서 맥심 TOP 미디엄로스트 돌체 라떼 275ML,캔류,,
커피,8801121103937,매일유업,매일유업 마이카페라떼 220ML*2입,플라스틱,,
커피,8801121027523,매일유업,매일_바리스타디카페인라떼_325ML,플라스틱,,
커피,8809350888977,서울에프엔비,투썸)에이리스트스페니쉬연유라떼250ML,플라스틱,,
커피,8809388465355,이디야,이디야커피 믹스 커피 헤이즐넛 1L,플라스틱,,
커피,8801121022153,매일유업,매일 커피속에 모카치노 300ml*2입,종이류,,
커피,8801155735494,동원에프앤비,덴마크_오리진카페라떼_250ML,플라스틱,,
커피,8801037064346,동서식품,맥심 TOP 마스터 라떼 380ML,캔류,,
커피,8801121772669,매일유업,매일_카페라떼 마일드로어슈거_220ml,플라스틱,,
커피,8801037003536,동서식품,동서 스타벅스 더블샷 바닐라 275ml,캔류,,
커피,8801056097899,롯데칠성음료,롯데칠성 레쓰비 그란데라떼 500ml,플라스틱,,
커피,8801121040416,매일유업,매일유업 바리스타 돌체라떼 325ML,플라스틱,,
커피,8801115381440,서울우유협동조합,서울_커피빈아이스커피_1L,플라스틱,,
커피,8801094512613,한국코카콜라,코카콜라_조지아크래프트저칼로리라떼_470ML,플라스틱,,
커피,8801037086195,동서식품,동서 스타벅스 프라푸치노 모카향 281ml,유리병,철,
커피,8801056032159,롯데칠성음료,칸타타 더치블랙 275ml,캔류,,
커피,8801037035568,동서식품,동서 스타벅스더블샷에스프레소 200ml*4입,캔류,,
커피,8801121768167,매일유업,매일_바리스타플라넬드립라떼_325ML,플라스틱,,
커피,8801056050269,롯데칠성음료,레쓰비 카페타임 라떼,캔류,,
커피,8801037086188,동서식품,동서 스타벅스 프라푸치노오리지날 281ml,유리병,철,
커피,8801121103562,매일유업,매일_카페라떼카라멜마끼야또_220ml,플라스틱,,
커피,8809388465041,이디야,이디야 트리플 스위트 아메리카노 500ML,플라스틱,,
커피,8801094567705,한국코카콜라,코카콜라_조지아스위트아메리카노_900ML,플라스틱,,
커피,8801115139836,서울우유협동조합,서울_강릉커피라떼_250ML,플라스틱,,
커피,8801121042328,매일유업,매일 어메이징오트 커피 330ML,종이류,플라스틱,
커피,8801121020012,매일유업,매일유업 마이카페라떼(로어슈거) 220ML*2입,플라스틱,,
커피,8801094432614,한국코카콜라,코카콜라_조지아크래프트디카페인블랙_470ML,플라스틱,,
커피,8801037057843,동서식품,동서 맥심 TOP 스위트 아메리카노 380ml,캔류,,
커피,8801037055726,동서식품,동서 스타벅스 에스프레소크림 275ml,캔류,,
커피,8801037093766,동서식품,맥스웰하우스 마스터 라떼 500ml,플라스틱,,
커피,8801037067897,동서식품,동서 스타벅스 파이크플레이스로스트 275ml,캔류,,
커피,8801155722630,동원에프앤비,동원)덴마크오리진아메리카노300ML,플라스틱,,
커피,8801121755679,매일유업,매일_바리스타카라멜딥프레소_250ML_..,플라스틱,,
커피,8801115137917,서울우유협동조합,서울_초코크림라떼_250ML*4,종이류,,
커피,8801037057867,동서식품,동서 맥심 TOP 더블랙 380ml,캔류,,
커피,8801115382065,서울우유협동조합,서울우유 스타벅스 오트에스프레소 300ML,플라스틱,,
커피,8801094582708,한국코카콜라,코카콜라_헤이즐넛향아메리카노_900ML,플라스틱,,
커피,8801094547103,한국코카콜라,코카콜라 조지아 아이스블랙 270ml,캔류,,
커피,8801069410791,남양유업,남양 프렌치카페 로스터리 킬링샷 아메리카노 500ml,플라스틱,,
커피,8801115137900,서울우유협동조합,서울_솔티드크림라떼_250ML*4,종이류,,
커피,8801094577100,한국코카콜라,코카콜라 고티카 빈티지 라떼 270ml,캔류,,
커피,8801104669658,빙그레,빙그레_아카페라아메리카노_1L,플라스틱,,
커피,8801104667043,빙그레,빙그레_스페셜티에티오피아_460ML,플라스틱,,
커피,8801037001716,동서식품,동서 맥심 TOP 스모키 라떼 275ML,캔류,,
커피,8801037093742,동서식품,맥스웰하우스 마스터 블랙 500ml,플라스틱,,
커피,8801056041878,롯데칠성음료,롯데칠성_레쓰비모카라떼_175ML,캔류,,
커피,8801094503031,한국코카콜라,코카콜라 코카 조지아오리지날커피 240ml×6입,캔류,,
커피,8801069417684,남양유업,남양_프렌치카페에스프레소라떼_200ML*4,종이류,,
커피,8801037092240,동서식품,동서식품_맥심TOP심플리스무스라떼_240ML,플라스틱,,
커피,8801056228071,롯데칠성음료,P)롯데_레쓰비그란데바닐라블랙_500ML,플라스틱,,
커피,8801121771396,매일유업,매일_바리스타쇼콜라모카_325ML,플라스틱,,
커피,8801094503703,한국코카콜라,코카콜라_조지아오리지널_900ML,플라스틱,,
커피,8801056102036,롯데칠성음료,롯데칠성 칸타타 콘트라베이스 스위트블랙 500ml,플라스틱,,
커피,8801121107935,매일유업,매일_바리스타스모키로스팅라떼_250ML,플라스틱,,
커피,8801056097240,롯데칠성음료,H)롯데칠성_레쓰비_175ML*30,캔류,,
커피,8801115381020,서울우유협동조합,H)서울우유_스타벅스카페라떼200ML*6,플라스틱,,
커피,8801056083571,롯데칠성음료,칸타타 아이스 헤이즐넛 230ml,비닐류,,
커피,8809505141568,엠즈씨드,폴바셋 돌체라떼 330ML,종이류,플라스틱,
커피,8801121031834,매일유업,매일유업 바리스타룰스 그란데 아메리카노 475ML,플라스틱,,
커피,8801037071894,동서식품,동서 맥심 TOP 마스터라떼 기획 380ml*6입,캔류,,
고추장,8801007053042,씨제이제일제당,해찬들 새콤달콤초고추장 1050g,플라스틱,,
고추장,8801052732138,대상,청정원순창 초고추장 1kg,플라스틱,,
고추장,8801007143491,씨제이제일제당,해찬들 새콤달콤초고추장 300g,플라스틱,,
고추장,8801052435015,대상,청정원순창 100%현미 태양초찰고추장 500g,플라스틱,,
고추장,8801007128016,씨제이제일제당,해찬들 100%국산고추장 1kg,플라스틱,,
고추장,8801052435022,대상,청정원순창 100%현미 태양초찰고추장 1kg,플라스틱,,
고추장,8801052435602,대상,청정원순창 초고추장 500g,플라스틱,,
고추장,8801007166599,씨제이제일제당,해찬들 우리쌀로만든 태양초 고추장 골드 1kg,플라스틱,,
고추장,8801052811802,대상,청정원순창 쇠고기볶음고추장 60g*3,플라스틱,,
고추장,8801052435596,대상,청정원순창 초고추장 300g,플라스틱,,
고추장,8801007166698,씨제이제일제당,해찬들 우리쌀로만든 태양초 고추장 골드 2kg,플라스틱,,
고추장,8801007166452,씨제이제일제당,해찬들 우리쌀로만든 태양초 고추장 골드 500g,플라스틱,,
고추장,8801007859743,씨제이제일제당,해찬들 우리쌀로만든 태양초 고추장 골드 1.8kg (1.5kg+300g),플라스틱,,
고추장,8801052750958,대상,청정원순창 100%현미 태양초찰고추장 1.8kg (1400g+400g),플라스틱,,
고추장,8801052971131,대상,청정원순창 100%현미 태양초찰고추장 2kg,플라스틱,,
고추장,8801005171571,샘표식품,샘표식품 조선 고초장 1KG,플라스틱,,
고추장,8801007166421,씨제이제일제당,해찬들 우리쌀로만든 태양초 고추장 골드 200g,플라스틱,,
고추장,8801075014716,사조대림,해표 순창궁 태양초 고추장 골드 170g,플라스틱,,
고추장,8801052801773,대상,청정원순창 100%현미 태양초찰고추장 200g,플라스틱,,
고추장,8801007143507,씨제이제일제당,해찬들 새콤달콤초고추장 500g,플라스틱,,
고추장,8801052742588,대상,청정원순창 100% 국산고추장 1kg,플라스틱,,
고추장,8801392083594,씨제이제일제당,해찬들 찹쌀 태양초고추장 1.85KG (1.5KG+350G),플라스틱,,
고추장,8801007303871,씨제이제일제당,해찬들 수라상에올리던 약고추장 500g,플라스틱,,
고추장,8801005171564,샘표식품,샘표식품 조선 고초장 500G,플라스틱,,
고추장,8801075009996,사조대림,해표 순창궁 우리햅쌀고추장 500g,플라스틱,,
고추장,8801052802022,대상,청정원순창 100%현미 태양초매운고추장 500g,플라스틱,,
고추장,8801007325514,씨제이제일제당,해찬들 수라상에올리던 약고추장 120g,비닐류,플라스틱,
고추장,8801052021669,대상,청정원순창 맛있는 발효숙성 태양초 고추장 500g,플라스틱,,
고추장,8801052435336,대상,청정원순창 초고추장 170g,플라스틱,,
고추장,8801392035548,씨제이제일제당,해찬들 찹쌀 태양초고추장 1.8KG,플라스틱,,
고추장,8801392008320,씨제이제일제당,해찬들 볶음요리 고추장양념 500G,플라스틱,,
고추장,8801007052984,씨제이제일제당,해찬들 새콤달콤초고추장 170g,플라스틱,,
고추장,8801007076225,씨제이제일제당,해찬들 쇠고기볶음고추장 60g*3,플라스틱,,
고추장,8809501160587,대력,잘식비 해운대 양념초장 350G,플라스틱,,
고추장,8801052452173,대상,청정원순창 덜매운고추장 500g,플라스틱,,
고추장,8801052993676,대상,청정원순창 100%현미 태양초찰고추장 2kg (1700g+300g),플라스틱,,
고추장,8801007052397,씨제이제일제당,해찬들 태양초 고추장 골드 500g,플라스틱,,
고추장,8801075010008,사조대림,해표 순창궁 우리햅쌀고추장 1kg,플라스틱,,
고추장,8801007166490,씨제이제일제당,해찬들 우리쌀로만든 매운태양초 고추장 500g,플라스틱,,
고추장,8801007274713,씨제이제일제당,해찬들 태양초 고추장 골드 1500g+300g,플라스틱,,
고추장,8801007504575,씨제이제일제당,해찬들 우리쌀로만든 태양초 고추장 골드 2.4kg,플라스틱,,
고추장,8801052802046,대상,청정원순창 100%현미 태양초매운고추장 1kg,플라스틱,,
고추장,8809307394810,주비푸드,양념듬뿍 초고추장 285G,플라스틱,,
고추장,8801075014815,사조대림,해표 순창궁 태양초 고추장 골드 1kg*2,플라스틱,,
고추장,8801007166575,씨제이제일제당,해찬들 우리쌀로만든 매운태양초 고추장 1kg,플라스틱,,
고추장,8801007052588,씨제이제일제당,해찬들 태양초 고추장 골드 2kg,플라스틱,,
고추장,8801392034985,씨제이제일제당,해찬들 찹쌀 태양초고추장 500G,플라스틱,,
고추장,8801075014693,사조대림,해표 순창궁 태양초100%우리햅쌀 고추장 1.8kg,플라스틱,,
고추장,8801052068015,대상,청정원순창 찰골드고추장 1.8kg (1.5kg+300g),플라스틱,,
고추장,8801075010015,사조대림,해표 순창궁 우리햅쌀고추장 2kg,플라스틱,,
고추장,8801558600368,움트리,움트리 와사비초고추장 500g,플라스틱,,
고추장,8801007303819,씨제이제일제당,해찬들 수라상에올리던 약고추장 200g,플라스틱,,
고추장,8801007052496,씨제이제일제당,해찬들 태양초 고추장 골드 1kg,플라스틱,,
고추장,8801052435046,대상,청정원순창 100%현미 태양초찰고추장 500g,비닐류,,
고추장,8801052003641,대상,청정원순창 100%현미 태양초매운고추장 1800g (1400g+400g),플라스틱,,
고추장,8801075013290,사조대림,해표 순창궁 초고추장 1kg,플라스틱,,
고추장,8801075010954,사조대림,해표 순창궁 태양초 고추장 6.5kg,플라스틱,,
고추장,8801558600306,움트리,움트리 양념초고추장 1kg*2,플라스틱,,
고추장,8801007788333,씨제이제일제당,해찬들 맛있게매운 태양초 고추장 골드 1.5kg,플라스틱,,
고추장,8801075011227,사조대림,해표 순창궁 햅쌀초고추장 170g,플라스틱,,
고추장,8801005171656,샘표식품,샘표식품 조선 고초장 2KG,플라스틱,,
고추장,8801007537405,씨제이제일제당,해찬들 태양초 고추장 골드 1.5kg+450g,플라스틱,,
고추장,8801052992600,대상,청정원순창 100%현미 태양초찰고추장 1.5kg*2,플라스틱,,
고추장,8801114156957,풀무원식품,고기듬뿍 소고기 볶음고추장 370G,플라스틱,,
고추장,8801052014630,대상,청정원순창 햇살담은 태양초 고추장 2kg,플라스틱,,
고추장,8801389013207,진미식품,진미 청매실 태양초 찰고추장 4.5kg,플라스틱,,
고추장,8801007878539,씨제이제일제당,해찬들 우리쌀로만든 매운태양초 고추장 골드 1.8kg (1.5kg+300g),플라스틱,,
고추장,8801392038600,씨제이제일제당,해찬들 찹쌀 태양초고추장 1.8KG (1.4KG+400G),플라스틱,,
고추장,8801052030050,대상,청정원순창 100%우리쌀 태양초 고추장 2.5kg,플라스틱,,
고추장,8801007297644,씨제이제일제당,해찬들 맛있게매운 태양초 알찬고추장 골드 4.5kg,플라스틱,,
고추장,8801052025209,대상,청정원순창 새콤만능장 비빔무침 310g,플라스틱,,
고추장,8801052021683,대상,청정원순창 맛있는 발효숙성 태양초 고추장 1.9kg (1500g+400g),플라스틱,,
고추장,8801007166742,씨제이제일제당,해찬들 우리쌀로만든 태양초 고추장 골드 500g,비닐류,,
고추장,8801052742571,대상,청정원순창 100% 국산고추장 500g,플라스틱,,
고추장,8801052043135,대상,청정원순창 쇠고기볶음고추장 직화맛 60g*3,플라스틱,,
고추장,8801052014159,대상,청정원순창 100%현미 태양초찰고추장 1.6kg+400g,플라스틱,,
고추장,8805310130902,순창문옥례식품,순창문옥례 전통고추장 900g,플라스틱,,
고추장,8801007303529,씨제이제일제당,해찬들 맛있게매운 태양초 고추장 골드 2kg,플라스틱,,
고추장,8801075011548,사조대림,해표 순창궁 태양초 고추장 골드 500g,플라스틱,,
고추장,8801558801079,움트리,움트리 양념초장 1kg,플라스틱,,
고추장,8809009802422,삼화식품,삼화 척척척 만능고추장 1KG,플라스틱,,
고추장,8801075010961,사조대림,해표 순창궁 태양초 고추장 3kg,플라스틱,,
고추장,8801052023281,대상,청정원순창 100%태양초 제주보리고추장 500g,플라스틱,,
고추장,8801558208403,움트리,움트리 쇠고기볶음고추장 450g*2,플라스틱,,
고추장,8801007052335,씨제이제일제당,해찬들 알찬고추장 14kg,플라스틱,,
고추장,8801007859781,씨제이제일제당,해찬들 맛있게매운 태양초 고추장 골드 2.4kg,플라스틱,,
고추장,8801007053073,씨제이제일제당,해찬들 새콤달콤초고추장 2.3kg,플라스틱,,
고추장,8801392073601,씨제이제일제당,해찬들 나트륨을 줄인 우리찹쌀 태양초 고추장 500G,플라스틱,,
고추장,8801052092508,대상,청정원순창 100%현미 태양초매운고추장 900G*2,플라스틱,,
고추장,8801558600221,움트리,움트리 실장님 회추장 1kg,플라스틱,,
고추장,8809011038208,고려전통식품,기순도 전통고추장 320g,유리병,철,
고추장,8801052017884,대상,청정원순창 100%현미 태양초찰고추장 2.8kg,플라스틱,,
고추장,8801390195022,씨제이제일제당,해찬들 태양초 고추장 골드 500g,플라스틱,,
고추장,8801052739090,대상,청정원순창 쇠고기비빔고추장 300g,플라스틱,,
고추장,8801161500208,신송식품,신송 100%국산보리 태양초 고추장 500g,플라스틱,,
고추장,8801005171731,샘표식품,샘표식품 조선 매운고추장 500G,플라스틱,,
고추장,8801558600238,움트리,움트리 실장님 회초장 2kg,플라스틱,,
고추장,8801075011760,사조대림,해표 순창궁 매운햅쌀고추장 500g,플라스틱,,
고추장,8801007067711,씨제이제일제당,해찬들 알찬고추장 6.5kg,플라스틱,,
고추장,8801052993768,대상,청정원순창 태양초진고추장 5kg,플라스틱,,
